"Line","Fields","Drug","MechAr"
"3296","Management","'Digoxin', 'Metoclopramide', InteractionType.DRUG_DRUG, InteractionSev",""
"3298","Effect, Management","'Digoxin', 'Cholestyramine', InteractionType.DRUG_DRUG, InteractionSev",""
"3300","Mechanism, Effect","'Digoxin', 'Licorice', InteractionType.DRUG_FOOD, InteractionSeverity.","'فقدان البوتاسيوم.',"
"3309","Mechanism, Effect","'Digoxin', 'Furosemide', InteractionType.DRUG_DRUG, InteractionSeverit","'مدرات البول تسبب نقص البوتاسيوم (Hypokalemia).',"
"3318","Mechanism, Effect","'Digoxin', 'Amiodarone / Quinidine / Verapamil', InteractionType.DRUG_","'هذه الأدوية تقلل من إطراح الديجوكسين وتزيد تركيزه.',"
"3327","Mechanism, Effect","'Digoxin', 'Licorice', InteractionType.DRUG_FOOD, InteractionSeverity.","'العرقسوس يسبب احتباس الصوديوم وفقدان البوتاسيوم.',"
"3336","Mechanism, Effect","'Digoxin', 'Carbamazepine', InteractionType.DRUG_DRUG, InteractionSeve","'زيادة استقلاب الديجوكسين (تُرجح)، مما يؤدي لتقليل تركيزه',"
"3345","Mechanism, Effect","'Digoxin', 'Ciclosporin', InteractionType.DRUG_DRUG, InteractionSeveri","'تزداد تراكيز الديجوكسين (بسبب تثبيط P-gp)',"
"3354","Mechanism, Effect","'Disopyramide', 'Ethotoin', InteractionType.DRUG_DRUG, InteractionSeve","'الإيثوتوين يحفز إنزيمات الكبد المسؤولة عن استقلاب الديسوبير"
"3363","Mechanism, Effect","'Disopyramide', 'Fosphenytoin', InteractionType.DRUG_DRUG, Interaction","'الفوسفينيتوين يحفز إنزيمات الكبد المسؤولة عن استقلاب الديسو"
"3372","Mechanism, Effect","'Disopyramide', 'Mephenytoin', InteractionType.DRUG_DRUG, InteractionS","'الميفينيتوين يحفز إنزيمات الكبد المسؤولة عن استقلاب الديسوب"
"3381","Mechanism, Effect","'Disopyramide', 'Phenytoin', InteractionType.DRUG_DRUG, InteractionSev","'الفينيتوين يحفز إنزيمات الكبد المسؤولة عن استقلاب الديسوبير"
"3390","Mechanism, Effect","'Disopyramide', 'Gatifloxacin', InteractionType.DRUG_DRUG, Interaction","'كلا الدوائين يطيلان فترة QT في تخطيط القلب الكهربائي',"
"3399","Mechanism, Effect","'Disopyramide', 'Moxifloxacin', InteractionType.DRUG_DRUG, Interaction","'كلا الدوائين يطيلان فترة QT في تخطيط القلب الكهربائي',"
"3408","Mechanism, Effect","'Disopyramide', 'Sparfloxacin', InteractionType.DRUG_DRUG, Interaction","'كلا الدوائين يطيلان فترة QT في تخطيط القلب الكهربائي',"
"3421","Management","'Disopyramide ', 'Ofloxacin', InteractionType.DRUG_DRUG, InteractionSe",""
"3423","Effect, Management","'Disopyramide ', 'Norfloxacin', InteractionType.DRUG_DRUG, Interaction",""
"3425","Mechanism, Effect","'Disopyramide', 'Rifampin', InteractionType.DRUG_DRUG, InteractionSeve","'الريفامبين يحفز إنزيمات الكبد المسؤولة عن استقلاب الديسوبير"
"3450","Management","'Domperidone', 'Magnesium Hydroxide', InteractionType.DRUG_DRUG, Inter",""
"3452","Effect, Management","'Domperidone', 'Calcium Carbonate', InteractionType.DRUG_DRUG, Interac",""
"3454","Mechanism, Effect","'Domperidone', 'CYP3A4 Inhibitors', InteractionType.DRUG_DRUG, Interac","'تثبيط إنزيم الأيض',"
"3501","Management","'Doxycycline', 'Hydantoins', InteractionType.DRUG_DRUG, InteractionSev",""
"3503","Effect, Management","'Doxycycline', 'Rifamycins', InteractionType.DRUG_DRUG, InteractionSev",""
"3505","Mechanism, Effect","'Doxycycline', 'Amoxicillin', InteractionType.DRUG_DRUG, InteractionSe","'يتناقص تركيز الدوكسي سيكلين.',"
"3514","Mechanism, Effect","'Doxycycline', 'Ampicillin', InteractionType.DRUG_DRUG, InteractionSev","'يتناقص تركيز الدوكسي سيكلين.',"
"3523","Mechanism, Effect","'Doxycycline', 'Penicillin V', InteractionType.DRUG_DRUG, InteractionS","'يتناقص تركيز الدوكسي سيكلين.',"
"3532","Mechanism, Effect","'Doxycycline', 'Penicillin G', InteractionType.DRUG_DRUG, InteractionS","'يتناقص تركيز الدوكسي سيكلين.',"
"3617","Management","'Ergot Alkaloids', 'NNRTIs', InteractionType.DRUG_DRUG, InteractionSev",""
"3619","Effect, Management","'Ergot Alkaloids', 'Protease Inhibitors', InteractionType.DRUG_DRUG, I",""
"3621","Mechanism, Effect","'Erythromycin', 'Bromocriptine', InteractionType.DRUG_DRUG, Interactio","'تزداد تراكيز البروموكريبتين',"
"3630","Mechanism, Effect","'Erythromycin', 'Grapefruit Juice', InteractionType.DRUG_FOOD, Interac","'تزداد تراكيز الإريثروميسين',"
"3655","Management","'Estrogens', 'Pentobarbital', InteractionType.DRUG_DRUG, InteractionSe",""
"3657","Effect, Management","'Estrogens', 'Secobarbital', InteractionType.DRUG_DRUG, InteractionSev",""
"3659","Mechanism, Effect","'Estrogens', 'Hydrocortisone', InteractionType.DRUG_DRUG, InteractionS","'تزيد تراكيز الهيدروكورتيزون في البلازما وتطيل فترة نصف عمره"
"3668","Mechanism, Effect","'Estrogens', 'Hydantoins', InteractionType.DRUG_DRUG, InteractionSever","'تتناقص فعالية الأستروجين (بسبب تحريض إنزيمات الكبد المسؤولة"
"3677","Mechanism, Effect","'Estrogens', 'Methylprednisolone', InteractionType.DRUG_DRUG, Interact","'تزيد الأستروجينات تراكيز القشرانيات السكرية (عبر زيادة الجل"
"3686","Mechanism, Effect","'Estrogens', 'Prednisolone', InteractionType.DRUG_DRUG, InteractionSev","'تزيد الأستروجينات تراكيز القشرانيات السكرية (عبر زيادة الجل"
"3695","Mechanism, Effect","'Estrogens', 'Rifampin', InteractionType.DRUG_DRUG, InteractionSeverit","'تتناقص تراكيز الأستروجينات (بسبب تحريض إنزيمات الكبد القوية"
"3704","Mechanism, Effect","'Ethanol', 'Acetaminophen', InteractionType.DRUG_DRUG, InteractionSeve","'يزيد السمية الكبدية للأسيتامينوفين (عبر تفعيل إنزيم CYP2E1 "
"3713","Mechanism, Effect","'Ethanol', 'Phenytoin', InteractionType.DRUG_DRUG, InteractionSeverity","'يزداد الاعتماد على الفينيتوئين مع إيثانول',"
"3744","Management","'Ethanol', 'Cefotaxime', InteractionType.DRUG_DRUG, InteractionSeverit",""
"3746","Effect, Management","'Ethanol', 'Chloral Hydrate', InteractionType.DRUG_DRUG, InteractionSe",""
"3748","Mechanism, Effect","'Ethanol', 'Disulfiram', InteractionType.DRUG_DRUG, InteractionSeverit","'توهج، غثيان، إيقاء، تعرق، تضيق قصبي، تسارع قلبي - وقد تتطور"
"3757","Mechanism, Effect","'Ethanol', 'Chlorpropamide', InteractionType.DRUG_DRUG, InteractionSev","'يُحدث تفاعل شبيه بالديسولفيرام (توهج، غثيان، تعرق، تسارع قل"
"3766","Mechanism, Effect","'Ethanol', 'Furazolidone', InteractionType.DRUG_DRUG, InteractionSever","'ردود فعل مشابهة لتلك التي تحدث مع المعالجة بالديسولفيرام',"
"3775","Effect, Management","'Ethanol', 'Glutethimide', InteractionType.DRUG_DRUG, InteractionSever",""
"3777","Mechanism, Effect","'Ethanol', 'Insulin', InteractionType.DRUG_DRUG, InteractionSeverity.M","'يُزيد من تأثير خفض سكر الدم',"
"3786","Effect, Management","'Ethanol', 'Meprobamate', InteractionType.DRUG_DRUG, InteractionSeveri",""
"3788","Mechanism, Effect","'Ethanol', 'Metronidazole', InteractionType.DRUG_DRUG, InteractionSeve","'ردود فعل مشابهة لتلك التي تحدث مع المعالجة بالديسولفيرام',"
"3797","Effect, Management","'Ethanol', 'Phenothiazine', InteractionType.DRUG_DRUG, InteractionSeve",""
"3799","Mechanism, Effect","'Ethanol', 'Sulfonylurea', InteractionType.DRUG_DRUG, InteractionSever","'قد يحدث هبوط سكر الدم - ردود فعل مشابهة لتلك التي تحدث مع ا"
"3818","Management","'Ethinylestradiol/Desogestrel', 'Azithromycin', InteractionType.DRUG_D",""
"3820","Effect, Management","'Ethinylestradiol/Desogestrel', 'Rifampicin', InteractionType.DRUG_DRU",""
"3822","Mechanism, Effect","'Ethinylestradiol/Desogestrel', 'Carbamazepine', InteractionType.DRUG_","'تحفيز إنزيمات الكبد',"
"3841","Management","'Ethinylestradiol/Drospirenone', 'Azithromycin', InteractionType.DRUG_",""
"3843","Effect, Management","'Ethinylestradiol/Drospirenone', 'Rifampicin', InteractionType.DRUG_DR",""
"3845","Mechanism, Effect","'Ethinylestradiol/Drospirenone', 'Carbamazepine', InteractionType.DRUG","'تحفيز إنزيمات الكبد',"
"3864","Management","'Ethinylestradiol/Levonorgestrel', 'Azithromycin', InteractionType.DRU",""
"3866","Effect, Management","'Ethinylestradiol/Levonorgestrel', 'Rifampicin', InteractionType.DRUG_",""
"3868","Mechanism, Effect","'Ethinylestradiol/Levonorgestrel', 'Carbamazepine', InteractionType.DR","'تحفيز إنزيمات الكبد',"
"3885","Management","'Felodipine', 'Secobarbital', InteractionType.DRUG_DRUG, InteractionSe",""
"3887","Effect, Management","'Felodipine', 'Carbamazepine', InteractionType.DRUG_DRUG, InteractionS",""
"3889","Mechanism, Effect","'Fentanyl', 'Ethanol', InteractionType.DRUG_DRUG, InteractionSeverity.","'تأثير تآزري في تثبيط الجهاز العصبي المركزي، مما يزيد من خطر"
"3898","Mechanism, Effect","'Fentanyl', 'Amiodarone', InteractionType.DRUG_DRUG, InteractionSeveri","'يثبط الأميودارون إنزيم CYP3A4 الذي يستقلب الفنتانيل، مما يؤ"
"3951","Management","'Fluconazole', 'Dexamethasone (ديكساميثازون) - راجع الكورتيكيدات', Int",""
"3953","Effect, Management","'Fluconazole', 'Grapefruit Juice (عصير الكريفون)', InteractionType.DRU",""
"3955","Mechanism, Effect","'Fluconazole', 'Atorvastatin', InteractionType.DRUG_DRUG, InteractionS","'تثبيط إنزيم CYP3A4',"
"3994","Management","'Fluoxetine', 'Phenylephrine', InteractionType.DRUG_DRUG, InteractionS",""
"3996","Effect, Management","'Fluoxetine', 'Ephedrine', InteractionType.DRUG_DRUG, InteractionSever",""
"3998","Mechanism, Effect","'Fluoxetine (Prozac)', 'Tramadol / MAOIs', InteractionType.DRUG_DRUG, ","'زيادة مفرطة في مستوى السيروتونين في الدماغ.',"
"4007","Mechanism, Effect","'Fluoxetine - فلوكسيتين', 'Carbamazepine - كاربامازيبين', InteractionT","'يثبط الفلوكسيتين استقلاب الكاربامازيبين، مما يزيد من تراكيز"
"4016","Mechanism, Effect","'Fluoxetine - فلوكسيتين', 'Phenytoin - فينيتوين', InteractionType.DRUG","'يثبط الفلوكسيتين استقلاب الفينيتوين، مما يزيد من تراكيز الف"
"4025","Mechanism, Effect","'Fluoxetine - فلوكسيتين', 'Thioridazine - ثيوريدازين', InteractionType","'يثبط الفلوكسيتين استقلاب الثيوريدازين بشكل كبير، مما يزيد ت"
"4034","Mechanism, Effect","'Fluvoxamine - فلوفوكسامين', 'Methadone - ميثادون', InteractionType.DR","'يثبط الفلوفوكسامين استقلاب الميثادون، مما يزيد من تراكيز ال"
"4043","Mechanism, Effect","'Fluvoxamine - فلوفوكسامين', 'Tacrine - تاكرين', InteractionType.DRUG_","'تزداد تراكيز التاكرين (بسبب تثبيط استقلابه)',"
"4052","Mechanism, Effect","'Fluvoxamine - فلوفوكسامين', 'Thioridazine - ثيوريدازين', InteractionT","'يثبط الفلوفوكسامين استقلاب الثيوريدازين بشكل قوي، مما يزيد "
"4061","Effect, Management","'Foscarnet (فورسيكارنت)', 'Ciclosporin (سيكلوسبورين)', InteractionType",""
"4063","Mechanism, Effect","'G6PD Deficiency (أنيميا الفول)', 'Sulfa Drugs / Aspirin / Fava Beans'","'تحفيز الأكسدة في كريات الدم الحمراء.',"
"4072","Mechanism, Effect","'Ganciclovir (غانسيكلوفير)', 'Zidovudine (زيدوفودين)', InteractionType","'تزداد خطورة السمية الدموية المهددة للحياة',"
"4081","Mechanism, Effect","'Ganciclovir / Penciclovir (غانسيكلوفير / بينسيكلوفير)', 'Probenecid (","'البروبينسيد يقلل من الإطراح الكلوي.',"
"15834","Management","'Metronidazole (ميترونيدازول)', 'Pentobarbital', InteractionType.DRUG_",""
"15836","Effect, Management","'Metronidazole (ميترونيدازول)', 'Secobarbital', InteractionType.DRUG_D",""
"15838","Mechanism, Effect","'Metronidazole (ميترونيدازول)', 'Disulfiram (ديسلفيرام)', InteractionT","'قد يحصل تخليط ذهني واضطرابات نفسية شديدة',"
"15847","Mechanism, Effect","'Metyrapone - ميتيرابون', 'Cyproheptadine - سيبروهيبتادين', Interactio","'يتناقص استجابة السريرية للميتيرابون',"
"15856","Mechanism, Effect","'Metyrapone - ميتيرابون', 'Hydantoin (Phenytoin) - هيدانتوين (فينيتوين","'تتناقص الاستجابة للميتيرابون',"
"15865","Mechanism, Effect","'Mexiletine (ميكسيليتين)', 'Hydantoins (هيدانتوينات) - مثل إيثوتوين، ف","'تتناقص تراكيز الميكسيليتين (بسبب تحفيز استقلابه الكبدي)',"
"15886","Management","'Minocycline', 'Ferrous Gluconate', InteractionType.DRUG_DRUG, Interac",""
"15888","Effect, Management","'Minocycline', 'Bismuth Salts (أملاح البزموت) - تحت ساليسيلات البزموت'",""
"15890","Mechanism, Effect","'Minocycline (مينوسيكلين)', 'Digoxin', InteractionType.DRUG_DRUG, Inte","'تزداد تراكيز الديجوكسين (تفاعل غير مباشر).',"
"15899","Mechanism, Effect","'Moricizine (موريسيزين)', 'Cimetidine (سيميتيدين)', InteractionType.DR","'تزداد تراكيز الموريزين (بسبب تثبيط استقلابه الكبدي)',"
"15908","Mechanism, Effect","'Moricizine (موريسيزين)', 'Theophylline (ثيوفيلين)', InteractionType.D","'راجع الموسعات القصبية.',"
"15917","Mechanism, Effect","'Morphine - مورفين', 'Rifamycins - ريفاميسينات', InteractionType.DRUG_","'تتناقص فعالية المورفين المسكنة للألم',"
"15944","Management","'Moxifloxacin', 'Magnesium Hydroxide', InteractionType.DRUG_DRUG, Inte",""
"15946","Effect, Management","'Moxifloxacin', 'Calcium Carbonate', InteractionType.DRUG_DRUG, Intera",""
"15948","Mechanism, Effect","'Mycophenolate Mofetil - ميكوفينوليت موفيتيل', 'Ferrous Sulfate', Inte","'تتناقص فعالية الميكوفينوليت',"
"15957","Mechanism, Effect","'Mycophenolate Mofetil - ميكوفينوليت موفيتيل', 'Ferrous Gluconate', In","'تتناقص فعالية الميكوفينوليت',"
"15966","Mechanism, Effect","'Mycophenolate Mofetil - ميكوفينوليت موفيتيل', 'Tacrolimus - تاكروليمو","'تزداد تراكيز الميكوفينوليت',"
"16113","Management","'Paroxetine', 'Cyclosporine - سيكلوسبورين', InteractionType.DRUG_DRUG,",""
"16115","Effect, Management","'Paroxetine', 'Cyproheptadine - سيبيروفتادين', InteractionType.DRUG_DR",""
"16117","Mechanism, Effect","'Paroxetine - باروكسيتين', 'Desipramine - ديسيبرامين', InteractionType","'يثبط الباروكسيتين استقلاب الديسيبرامين (TCA)، مما يزيد من ت"
"16126","Mechanism, Effect","'Paroxetine - باروكسيتين', 'Imipramine - إيميبرامين', InteractionType.","'يثبط الباروكسيتين استقلاب الإيميبرامين (TCA)، مما يزيد من ت"
"16285","Management","'Phenytoin', 'Chloramphenicol', InteractionType.DRUG_DRUG, Interaction",""
"16287","Effect, Management","'Phenytoin', 'Isoniazid', InteractionType.DRUG_DRUG, InteractionSeveri",""
"16289","Mechanism, Effect","'Phenytoin', 'Sulfonamides', InteractionType.DRUG_DRUG, InteractionSev","'تثبيط الأيض + إزاحة.',"
"16298","Effect, Management","'Phenytoin', 'Amiodarone', InteractionType.DRUG_DRUG, InteractionSever",""
"16300","Mechanism, Effect","'Phenytoin', 'Fluconazole', InteractionType.DRUG_DRUG, InteractionSeve","'تثبيط CYP2C9.',"
"16309","Mechanism, Effect","'Phenytoin', 'Theophylline', InteractionType.DRUG_DRUG, InteractionSev","'تحفيز متبادل للأيض.',"
"16332","Management","'Phenytoin', 'Betamethasone', InteractionType.DRUG_DRUG, InteractionSe",""
"16334","Effect, Management","'Phenytoin', 'Methylprednisolone', InteractionType.DRUG_DRUG, Interact",""
"16336","Mechanism, Effect","'Phenytoin', 'Aluminum Hydroxide', InteractionType.DRUG_DRUG, Interact","'تقليل الامتصاص.',"
"16345","Mechanism, Effect","'Phenytoin', 'Magnesium Hydroxide', InteractionType.DRUG_DRUG, Interac","'تقليل الامتصاص.',"
"16354","Mechanism, Effect","'Phenytoin', 'Calcium Carbonate', InteractionType.DRUG_DRUG, Interacti","'تقليل الامتصاص.',"
"16371","Management","'Pindolol (بندولول)', 'Thioridazine', InteractionType.DRUG_DRUG, Inter",""
"16373","Effect, Management","'Pindolol (بندولول)', 'Prochlorperazine', InteractionType.DRUG_DRUG, I",""
"16375","Mechanism, Effect","'Polymyxin B Sulfate', 'Antifungals', InteractionType.DRUG_DRUG, Inter","'عامل خالب',"
"16410","Management","'Prazosin', 'Propranolol', InteractionType.DRUG_DRUG, InteractionSever",""
"16412","Effect, Management","'Prazosin', 'Sotalol', InteractionType.DRUG_DRUG, InteractionSeverity.",""
"16414","Mechanism, Effect","'Prazosin', 'Verapamil', InteractionType.DRUG_DRUG, InteractionSeverit","'تأثير إضافي خافض لضغط الدم',"
"16437","Management","'Probenecid', 'Cefixime', InteractionType.DRUG_DRUG, InteractionSeveri",""
"16439","Effect, Management","'Probenecid', 'Cefotaxime', InteractionType.DRUG_DRUG, InteractionSeve",""
"16441","Mechanism, Effect","'Procainamide (بروكاييناميد)', 'Amiodarone (أميودارون)', InteractionTy","'تزداد تراكيز البروكاييناميد و N-أستيل بروكاييناميد (مستقلب "
"16450","Mechanism, Effect","'Procainamide (بروكاييناميد)', 'Cimetidine (سيميتيدين)', InteractionTy","'تزداد تراكيز البروكاييناميد و N-أستيل بروكاييناميد.',"
"16459","Mechanism, Effect","'Procainamide (بروكاييناميد)', 'Ofloxacin (أوفلوكساسين)', InteractionT","'تزداد تراكيز البروكاييناميد و N-أستيل بروكاييناميد.',"
"16482","Management","'Prochlorperazine', 'Benztropine', InteractionType.DRUG_DRUG, Interact",""
"16484","Effect, Management","'Prochlorperazine', 'Ethanol - إيثانول', InteractionType.DRUG_DRUG, In",""
"16486","Mechanism, Effect","'Prochlorperazine', 'Paroxetine - باروكسيتين', InteractionType.DRUG_DR","'تزداد فعالية الفينوثيازين (عن طريق تثبيط استقلابه) - تزداد "
"16495","Management","'Prochlorperazine', 'Propranolol - بروبرانولول', InteractionType.DRUG_",""
"16497","Effect, Management","'Prochlorperazine', 'Ciprofloxacin - سيبروفلوكساسين', InteractionType.",""
"16499","Mechanism, Effect","'Propafenone (بروبافينون)', 'Quinidine', InteractionType.DRUG_DRUG, In","'تزداد تراكيز البروبافينون (بسبب تثبيط استقلابه).',"
"16508","Mechanism, Effect","'Propafenone (بروبافينون)', 'Ritonavir (ريتونافير)', InteractionType.D","'تزداد تراكيز البروبافينون (بسبب تثبيط استقلابه).',"
"16523","Management","'Propranolol', 'Asthma (الربو)', InteractionType.DRUG_DISEASE, Interac",""
"16525","Effect, Management","'Propranolol', 'Asthma', InteractionType.DRUG_DISEASE, InteractionSeve",""
"16527","Mechanism, Effect","'Propranolol', 'Cimetidine', InteractionType.DRUG_DRUG, InteractionSev","'تقليل تصفية.',"
"16536","Mechanism, Effect","'Propranolol', 'Theophylline', InteractionType.DRUG_DRUG, InteractionS","'تثبيط أيض الثيوفيلين',"
"16549","Management","'Propranolol (بروبرانولول)', 'Thioridazine', InteractionType.DRUG_DRUG",""
"16551","Effect, Management","'Propranolol (بروبرانولول)', 'Prochlorperazine', InteractionType.DRUG_",""
"16553","Mechanism, Effect","'Pyrantel', 'Fatty Food', InteractionType.DRUG_FOOD, InteractionSeveri","'زيادة الامتصاص',"
"16562","Mechanism, Effect","'Quinidine', 'Acetazolamide / Sod. Bicarb', InteractionType.DRUG_DRUG,","'قلونة البول.',"
"16575","Management","'Quinidine', 'Pentobarbital', InteractionType.DRUG_DRUG, InteractionSe",""
"16577","Effect, Management","'Quinidine', 'Secobarbital', InteractionType.DRUG_DRUG, InteractionSev",""
"16579","Mechanism, Effect","'Quinidine', 'Cimetidine (سيميتيدين)', InteractionType.DRUG_DRUG, Inte","'تزداد تراكيز الكينيدين.',"
"16588","Mechanism, Effect","'Quinidine', 'Diltiazem (ديلتيازيم)', InteractionType.DRUG_DRUG, Inter","'تزداد تراكيز الكينيدين.',"
"16609","Management","'Quinidine', 'Ofloxacin', InteractionType.DRUG_DRUG, InteractionSeveri",""
"16611","Effect, Management","'Quinidine', 'Norfloxacin', InteractionType.DRUG_DRUG, InteractionSeve",""
"16613","Mechanism, Effect","'Quinidine', 'Rifamycins (ريفامبينات) - مثل ريفابوتين، ريفامبين', Inte","'تتناقص تراكيز الكينيدين',"
"16622","Effect, Management","'Quinidine', 'Ritonavir (ريتونافير)', InteractionType.DRUG_DRUG, Inter",""
"16624","Mechanism, Effect","'Quinidine', 'Verapamil (فيراباميل)', InteractionType.DRUG_DRUG, Inter","'تزداد تراكيز الكينيدين و تزداد خطورة اضطراب نظم القلب وهبوط"
"16633","Mechanism, Effect","'Quinidine', 'Amitriptyline (أميتربتيلين)', InteractionType.DRUG_DRUG,","'تزداد خطورة اضطراب نظم القلب، ويزداد التأثير العكس للفعالية"
"16642","Mechanism, Effect","'Quinidine', 'Opioids (كودئين، مسكنات الألم الأفيونية)', InteractionTy","'يتناقص تأثير الأفيونات',"
"16651","Mechanism, Effect","'quinine - كينين', 'Digoxin ', InteractionType.DRUG_DRUG, InteractionS","'غير مذكورة آلية محددة في الجدول',"
"16660","Mechanism, Effect","'quinine - كينين', 'Rifampin - ريفامبين', InteractionType.DRUG_DRUG, I","'تتناقص تراكيز الكينين',"
"16697","Management","'Ritonavir (ريتونافير)', 'Ketoconazole', InteractionType.DRUG_DRUG, In",""
"16699","Effect, Management","'Ritonavir (ريتونافير)', 'Voriconazole', InteractionType.DRUG_DRUG, In",""
"16701","Mechanism, Effect","'Ritonavir (ريتونافير)', 'Clozapine (كلوزابين)', InteractionType.DRUG_","'تزداد تراكيز الكلوزابين.',"
"16710","Mechanism, Effect","'Ritonavir (ريتونافير)', 'Ethinyl Estradiol (إيثينيل استراديول)', Inte","'تتناقص فعالية إيثينيل استراديول في منع الحمل.',"
"16719","Effect, Management","'Rosuvastatin', 'Gemfibrozil', InteractionType.DRUG_DRUG, InteractionS",""
"16721","Mechanism, Effect","'Salbutamol (Ventolin)', 'Hypertension / Heart Disease', InteractionTy","'تحفيز مستقبلات بيتا-2 في القلب والأوعية الدموية.',"
"16730","Mechanism, Effect","'Salicylates', 'Acetazolamide', InteractionType.DRUG_DRUG, Interaction","'زيادة نفوذية CNS.',"
"16739","Mechanism, Effect","'Saquinavir (ساكوينافير)', 'Grapefruit Juice (عصير الجريب فروت)', Inte","'تثبيط إنزيم CYP3A4.',"
"16852","Management","'Sildenafil (Viagra)', 'Isosorbide Dinitrate', InteractionType.DRUG_DR",""
"16854","Effect, Management","'Simvastatin', 'Gemfibrozil', InteractionType.DRUG_DRUG, InteractionSe",""
"16856","Mechanism, Effect","'Sirolimus - سيروليميس', 'Cyclosporine - سيكلوسبورين', InteractionType","'تزداد تراكيز السيروليميس',"
"16869","Management","'Sirolimus - سيروليميس', 'Ketoconazole', InteractionType.DRUG_DRUG, In",""
"16871","Effect, Management","'Sirolimus - سيروليميس', 'Voriconazole', InteractionType.DRUG_DRUG, In",""
"16873","Mechanism, Effect","'Sirolimus - سيروليميس', 'Diltiazem - ديلتيازيم', InteractionType.DRUG","'تزداد تراكيز السيروليميس أعراض وعلامات السمية',"
"16882","Mechanism, Effect","'Sodium Bicarbonate', 'Amphetamine', InteractionType.DRUG_DRUG, Intera","'تزيد قلوية البول وإعادة امتصاص الأمفيتامين',"
"16891","Mechanism, Effect","'Sodium Bicarbonate', 'Salicylates', InteractionType.DRUG_DRUG, Intera","'تزيد قلوية البول وزيادة نشر الساليسيلات',"
"16902","Management","'Sotalol', 'Hydrochlorothiazide', InteractionType.DRUG_DRUG, Interacti",""
"16904","Effect, Management","'Sotalol', 'Spironolactone', InteractionType.DRUG_DRUG, InteractionSev",""
"16906","Mechanism, Effect","'Spironolactone', 'Potassium Supplements', InteractionType.DRUG_DRUG, ","'تراكم.',"
"16915","Mechanism, Effect","'Spironolactone', 'Trimethoprim', InteractionType.DRUG_DRUG, Interacti","'زيادة البوتاسيوم',"
"16930","Management","'Spironolactone (Aldactone)', 'Ramipril', InteractionType.DRUG_DRUG, I",""
"16932","Effect, Management","'Spironolactone (Aldactone)', 'Perindopril', InteractionType.DRUG_DRUG",""
"16934","Mechanism, Effect","'St. Johns Wort', 'Fluoxetine', InteractionType.DRUG_DRUG, Interaction","'زيادة سيروتونين.',"
"16943","Mechanism, Effect","'St. Johns Wort', 'Sertraline', InteractionType.DRUG_DRUG, Interaction","'زيادة سيروتونين.',"
"16952","Mechanism, Effect","'St. Johns Wort', 'Paroxetine', InteractionType.DRUG_DRUG, Interaction","'زيادة سيروتونين.',"
"16961","Mechanism, Effect","'St. Johns Wort', 'Citalopram', InteractionType.DRUG_DRUG, Interaction","'زيادة سيروتونين.',"
"16970","Mechanism, Effect","'St. Johns Wort', 'Escitalopram', InteractionType.DRUG_DRUG, Interacti","'زيادة سيروتونين.',"
"16979","Mechanism, Effect","'St. Johns Wort', 'Digoxin / Theophylline / Warfarin', InteractionType","'تحفيز P-gp و CYP.',"
"17004","Management","'Tacrolimus - تاكروليموس', 'Ketoconazole', InteractionType.DRUG_DRUG, ",""
"17006","Effect, Management","'Tacrolimus - تاكروليموس', 'Voriconazole', InteractionType.DRUG_DRUG, ",""
"17008","Mechanism, Effect","'Tacrolimus - تاكروليموس', 'Caspofungin - كاسبوفونجين', InteractionTyp","'تتناقص تراكيز التاكروليموس',"
"17017","Effect, Management","'Tacrolimus - تاكروليموس', 'Diltiazem - ديلتيازيم', InteractionType.DR",""
"17019","Mechanism, Effect","'Tacrolimus - تاكروليموس', 'Hydantoins - هيدانتوينات', InteractionType","'تتناقص تراكيز التاكروليموس - تزداد تراكيز الفينيتوين',"
"17030","Management","'Tacrolimus - تاكروليموس', 'Clarithromycin', InteractionType.DRUG_DRUG",""
"17032","Effect, Management","'Tacrolimus - تاكروليموس', 'Azithromycin', InteractionType.DRUG_DRUG, ",""
"17034","Mechanism, Effect","'Tacrolimus - تاكروليموس', 'Mycophenolate Mofetil - ميكوفينوليت موفيتي","'غير مذكورة آلية محددة في الجدول',"
"17043","Effect, Management","'Tacrolimus ', 'Nifedipine ', InteractionType.DRUG_DRUG, InteractionSe",""
"17045","Mechanism, Effect","'Tacrolimus - تاكروليموس', 'Rifamycins - ريفاميسينات', InteractionType","'تتناقص تراكيز التاكروليموس',"
"17058","Management","'Telaprevir (تيلابريفير)', 'Ketoconazole', InteractionType.DRUG_DRUG, ",""
"17060","Effect, Management","'Telaprevir (تيلابريفير)', 'Voriconazole', InteractionType.DRUG_DRUG, ",""
"17062","Mechanism, Effect","'Telaprevir (تيلابريفير)', 'Ethinyl Estradiol (إيثينيل استراديول)', In","'تتناقص فعالية إيثينيل استراديول في منع الحمل.',"
"17071","Mechanism, Effect","'Telaprevir (تيلابريفير)', 'Rifamycins (ريفاميسينات) - ريفابوتين، ريفا","'تتناقص تراكيز تيلابريفير',"
"17110","Management","'Tetracycline', 'Ferrous Gluconate', InteractionType.DRUG_DRUG, Intera",""
"17112","Effect, Management","'Tetracycline', 'Bismuth Salts (أملاح البزموت) - تحت ساليسيلات البزموت",""
"17114","Mechanism, Effect","'Tetracycline / Doxycycline', 'Dairy Products (Milk/Yogurt/Cheese)', I","'الكالسيوم يرتبط بالدواء ويشكل معقداً غير قابل للامتصاص (Che"
"17123","Mechanism, Effect","'Theophylline', 'Ciprofloxacin / Enoxacin', InteractionType.DRUG_DRUG,","'تثبيط CYP1A2.',"
"17138","Management","'Theophylline', 'Phenytoin / Carbamazepine', InteractionType.DRUG_DRUG",""
"17140","Effect, Management","'Theophylline', 'Rifampin', InteractionType.DRUG_DRUG, InteractionSeve",""
"17142","Mechanism, Effect","'Theophylline', 'Smoking (Tobacco)', InteractionType.DRUG_FOOD, Intera","'تحفيز CYP1A2.',"
"17151","Mechanism, Effect","'Theophylline', 'Ciprofloxacin', InteractionType.DRUG_DRUG, Interactio","'تثبيط إنزيم CYP1A2',"
"17160","Mechanism, Effect","'Thiazides', 'Gout', InteractionType.DRUG_DISEASE, InteractionSeverity","'تقليل إخراج اليوريك.',"
"17173","Management","'Thioridazine', 'Benztropine', InteractionType.DRUG_DRUG, InteractionS",""
"17175","Effect, Management","'Thioridazine', 'Ethanol - إيثانول', InteractionType.DRUG_DRUG, Intera",""
"17177","Mechanism, Effect","'Thioridazine', 'Paroxetine - باروكسيتين', InteractionType.DRUG_DRUG, ","'تزداد فعالية الفينوثيازين (عن طريق تثبيط استقلابه) - تزداد "
"17585","Mechanism, Effect","'Warfarin', 'Vitamin K (Spinach, Liver)', InteractionType.DRUG_FOOD, I","'تضاد دوائي (Antagonism).',"
"17594","Effect, Management","'Warfarin', 'Cranberry Juice', InteractionType.DRUG_FOOD, InteractionS",""
"17596","Mechanism, Effect","'Warfarin', 'Ginkgo Biloba / Garlic / Ginger', InteractionType.DRUG_FO","'تأثير مضاد للصفائح.',"
"17607","Management","'Warfarin', 'Ketoconazole', InteractionType.DRUG_DRUG, InteractionSeve",""
"17609","Effect, Management","'Warfarin', 'Voriconazole', InteractionType.DRUG_DRUG, InteractionSeve",""
"17611","Mechanism, Effect","'Warfarin', 'Green Leafy Vegetables (Vitamin K)', InteractionType.DRUG","'فيتامين K يعاكس عمل الوارفارين (عامل تجلط).',"
"17620","Mechanism, Effect","'Warfarin (وارفارين)', 'Cefalosporin (مثل Ceftriaxone)', InteractionTy","'آلية غير محددة تؤدي لزيادة فعالية الوارفارين.',"
"17629","Mechanism, Effect","'Yasmin', 'Aspirin', InteractionType.DRUG_DRUG, InteractionSeverity.HI","'زيادة مستويات البوتاسيوم',"
"17638","Mechanism, Effect","'Zidovudine (زيدوفودين)', 'Atovaquone (أتوفاكوين)', InteractionType.DR","'زيادة تراكيز الزيدوفودين في الدم.',"
"17653","Management","'Zinc', 'Quetiapine', InteractionType.DRUG_DRUG, InteractionSeverity.M",""
"17655","Effect, Management","'Zinc', 'Clozapine', InteractionType.DRUG_DRUG, InteractionSeverity.MO",""
"17657","Mechanism, Effect","'Clofibrate', 'Warfarin', InteractionType.DRUG_DRUG, InteractionSeveri","'إزاحة الوارفارين عن ارتباطه ببروتينات البلازما',"
"17666","Mechanism, Effect","'Gemfibrozil', 'Statins (HMG-CoA Reductase Inhibitors)', InteractionTy","'تثبيط استقلاب الستاتينات',"
"17675","Mechanism, Effect","'Probucol', 'Cyclosporine', InteractionType.DRUG_DRUG, InteractionSeve","'تأثير غير محدد',"
"17684","Mechanism, Effect","'Chlorpropamide', 'Dicumarol', InteractionType.DRUG_DRUG, InteractionS","'تثبيط استقلاب الكلوربروباميد',"
"17693","Mechanism, Effect","'Chlorpropamide', 'Urinary Alkalinizers (Sodium Acetate, Potassium Cit","'يزداد إطراح الكلوربروباميد',"
"17702","Mechanism, Effect","'Glimepiride', 'Fluconazole', InteractionType.DRUG_DRUG, InteractionSe","'تثبيط استقلاب الغليمبريد (CYP2C9)',"
"17713","Management","'Tolbutamide', 'Fluconazole', InteractionType.DRUG_DRUG, InteractionSe",""
"17715","Effect, Management","'Tolbutamide', 'Sulfinpyrazone', InteractionType.DRUG_DRUG, Interactio",""
"17717","Mechanism, Effect","'Insulin', 'Beta Blockers (Non-selective)', InteractionType.DRUG_DRUG,","'حجب أعراض هبوط سكر الدم (مثل تسرع القلب والرعشة)',"
"17726","Mechanism, Effect","'Insulin', 'Ethanol', InteractionType.DRUG_DRUG, InteractionSeverity.M","'تثبيط تكوين الجلوكوز في الكبد',"
"17735","Mechanism, Effect","'Insulin', 'MAO Inhibitors (Isocarboxazid, Phenelzine, Tranylcypromine","'تحفيز إفراز الأنسولين',"
"17744","Mechanism, Effect","'Insulin', 'Salicylates (Aspirin, Magnesium Salicylate, Sodium Salicyl","'زيادة حساسية الأنسولين',"
"17753","Mechanism, Effect","'Metformin', 'Cimetidine', InteractionType.DRUG_DRUG, InteractionSever","'تثبيط إطراح الميتفورمين الكلوي',"
"17762","Mechanism, Effect","'Metformin', 'Iodine Contrast Media', InteractionType.DRUG_DRUG, Inter","'خطر الفشل الكلوي الحاد وتراكم الميتفورمين',"
"17771","Mechanism, Effect","'Antacids (Aluminum, Calcium, Magnesium Salts)', 'Iron Salts (Ferrous ","'تقليل امتصاص الحديد (يحتاج وسط حامضي)',"
"17780","Mechanism, Effect","'Antacids (Aluminum, Calcium, Magnesium Salts)', 'Ketoconazole', Inter","'تقليل امتصاص الكيتوكونازول (يحتاج وسط حامضي)',"
"17789","Mechanism, Effect","'Antacids (Aluminum, Calcium, Magnesium Salts)', 'Quinidine', Interact","'قلونة البول تقلل إطراح الكينيدين',"
"17798","Mechanism, Effect","'Antacids (Aluminum, Calcium, Magnesium Salts)', 'Quinolones (Ciproflo","'تشكيل معقدات غير قابلة للامتصاص (Chelation)',"
"17807","Mechanism, Effect","'Antacids (Aluminum, Calcium, Magnesium Salts)', 'Polystyrene Sulfonat","'تفاعل كيميائي يسبب قلوية استقلابية',"
"17816","Mechanism, Effect","'Antacids (Aluminum, Calcium, Magnesium Salts)', 'Tetracyclines (Doxyc","'تشكيل معقدات غير قابلة للامتصاص (Chelation)',"
"17825","Mechanism, Effect","'Cimetidine', 'Beta Blockers (Propranolol, Metoprolol, Labetalol)', In","'تثبيط استقلاب حاصرات بيتا في الكبد',"
"17834","Mechanism, Effect","'Cimetidine', 'Carbamazepine', InteractionType.DRUG_DRUG, InteractionS","'تثبيط استقلاب الكاربامازيبين',"
"17843","Mechanism, Effect","'Cimetidine', 'Lidocaine', InteractionType.DRUG_DRUG, InteractionSever","'تثبيط استقلاب الليدوكائين',"
"17852","Mechanism, Effect","'Cimetidine', 'Phenytoin', InteractionType.DRUG_DRUG, InteractionSever","'تثبيط استقلاب الفينيتوين',"
"17861","Mechanism, Effect","'Cimetidine', 'Theophylline', InteractionType.DRUG_DRUG, InteractionSe","'تثبيط استقلاب الثيوفيللين',"
"17870","Mechanism, Effect","'Cimetidine', 'Nifedipine', InteractionType.DRUG_DRUG, InteractionSeve","'تثبيط استقلاب النيفيديبين',"
"17879","Mechanism, Effect","'Cimetidine', 'Praziquantel', InteractionType.DRUG_DRUG, InteractionSe","'تثبيط استقلاب البرازيكوانتيل',"
"17888","Mechanism, Effect","'Cimetidine', 'Procainamide (بروكاييناميد)', InteractionType.DRUG_DRUG","'تثبيط إطراح البروكاييناميد الكلوي',"
"17897","Mechanism, Effect","'Cimetidine', 'Quinidine', InteractionType.DRUG_DRUG, InteractionSever","'تثبيط استقلاب الكينيدين',"
"17906","Mechanism, Effect","'Cimetidine', 'TCAs (Amitriptyline, Imipramine, Nortriptyline, etc.)',","'تثبيط استقلاب مضادات الاكتئاب',"
"17915","Mechanism, Effect","'Loop Diuretics (Furosemide, Bumetanide, Torsemide)', 'Thiazide Diuret","'تأثير إدراري تآزري مفرط',"
"17924","Mechanism, Effect","'Furosemide', 'Cholestyramine', InteractionType.DRUG_DRUG, Interaction","'تقليل الامتصاص المعدي المعوي للفوروسيميد',"
"17933","Mechanism, Effect","'Furosemide', 'Colestipol', InteractionType.DRUG_DRUG, InteractionSeve","'تقليل الامتصاص المعدي المعوي للفوروسيميد',"
"17942","Mechanism, Effect","'Corticosteroids (General)', 'Anticholinergics (Atropine, Ipratropium,","'ارتفاع ضغط العين',"
"17951","Mechanism, Effect","'Corticosteroids (General)', 'Aspirin', InteractionType.DRUG_DRUG, Int","'الكورتيكوستيرويدات تزيد تصفية الأسبرين من الجسم',"
"17960","Mechanism, Effect","'Dexamethasone', 'Aminoglutethimide', InteractionType.DRUG_DRUG, Inter","'الأمينوغلوتيثيميد يسرع تكسير الديكساميثازون',"
"17969","Mechanism, Effect","'Hydrocortisone', 'Cholestyramine (Colestipol)', InteractionType.DRUG_","'يقلل الامتصاص',"
"17978","Mechanism, Effect","'Theophylline', 'Isoproterenol', InteractionType.DRUG_DRUG, Interactio","'زيادة مستوى الثيوفيلين بالدم',"
"17987","Mechanism, Effect","'Theophylline', 'Cimetidine', InteractionType.DRUG_DRUG, InteractionSe","'السيميتيدين يبطئ تكسير الثيوفيلين',"
"17996","Mechanism, Effect","'Theophylline', 'Oral Contraceptives', InteractionType.DRUG_DRUG, Inte","'موانع الحمل تبطئ تكسير الثيوفيلين',"
"18005","Mechanism, Effect","'Theophylline', 'Disulfiram', InteractionType.DRUG_DRUG, InteractionSe","'الديسلفيرام يبطئ تكسير الثيوفيلين',"
"18014","Mechanism, Effect","'Theophylline', 'Disopyramide', InteractionType.DRUG_DRUG, Interaction","'زيادة مستوى الثيوفيلين',"
"18023","Mechanism, Effect","'Theophylline', 'Food', InteractionType.DRUG_FOOD, InteractionSeverity","'تأثير الطعام يختلف حسب نوع الدواء',"
"18032","Mechanism, Effect","'Theophylline', 'Mexiletine', InteractionType.DRUG_DRUG, InteractionSe","'الميكسيليتين يبطئ تكسير الثيوفيلين',"
"18041","Mechanism, Effect","'Theophylline', 'Thiabendazole', InteractionType.DRUG_DRUG, Interactio","'الثيابيندازول يبطئ تكسير الثيوفيلين',"
"18050","Mechanism, Effect","'Theophylline', 'Ticlopidine', InteractionType.DRUG_DRUG, InteractionS","'التيكلوبيدين يبطئ تكسير الثيوفيلين',"
"18059","Mechanism, Effect","'Theophylline', 'Zileuton', InteractionType.DRUG_DRUG, InteractionSeve","'الزيلوتون يبطئ تكسير الثيوفيلين بشكل كبير',"
"18068","Mechanism, Effect","'Clarithromycin', 'Grapefruit Juice', InteractionType.DRUG_FOOD, Inter","'تثبيط CYP3A4',"
"18077","Mechanism, Effect","'Metronidazole', 'Alcohol', InteractionType.DRUG_FOOD, InteractionSeve","'يمنع تفكيك acetaldehyde',"
"18086","Mechanism, Effect","'Metronidazole', 'Histamine-Rich Foods', InteractionType.DRUG_FOOD, In","'بطء تفكيك الهيستامين',"
"18095","Mechanism, Effect","'Linezolid', 'Tyramine-Rich Foods (Aged Cheese, Salami, Soy Sauce, Pic","'منع تكسير التيرامين',"
"18104","Mechanism, Effect","'Clindamycin', 'Fatty Foods', InteractionType.DRUG_FOOD, InteractionSe","'تهيج المعدة',"
"18113","Mechanism, Effect","'Rifampicin', 'High-Fat Foods', InteractionType.DRUG_FOOD, Interaction","'تبطئ الامتصاص',"
"18122","Effect, Management","'Rifampicin', 'Alcohol', InteractionType.DRUG_FOOD, InteractionSeverit",""
"18124","Mechanism, Effect","'Warfarin', 'Vitamin K-Rich Foods (Spinach, Kale, Broccoli, Cabbage)',","'فيتامين K يعاكس مفعول الوارفارين',"
"18133","Effect, Management","'Warfarin', 'Cranberry Juice', InteractionType.DRUG_FOOD, InteractionS",""
"18135","Mechanism, Effect","'Warfarin', 'Alcohol', InteractionType.DRUG_FOOD, InteractionSeverity.","'زيادة خطر النزيف وتأثير على الكبد',"
"18144","Mechanism, Effect","'MAO Inhibitors (Phenelzine, Tranylcypromine, Isocarboxazid)', 'Tyrami","'تراكم التيرامين - ارتفاع مفاجئ في ضغط الدم',"
"18153","Mechanism, Effect","'Levothyroxine', 'Soy Products', InteractionType.DRUG_FOOD, Interactio","'منع امتصاص الهرمون',"
"18162","Management","'Levothyroxine', 'High-Fiber Foods', InteractionType.DRUG_FOOD, Intera",""
"18164","Effect, Management","'Levothyroxine', 'Coffee', InteractionType.DRUG_FOOD, InteractionSever",""
"18166","Mechanism, Effect","'Levothyroxine', 'Grapefruit Juice', InteractionType.DRUG_FOOD, Intera","'تأخير الامتصاص',"
"18175","Effect, Management","'Digoxin', 'High-Fiber Foods', InteractionType.DRUG_FOOD, InteractionS",""
"18177","Mechanism, Effect","'Digoxin', 'Licorice (عرق السوس)', InteractionType.DRUG_FOOD, Interact","'نقص البوتاسيوم',"
"18186","Effect, Management","'Methotrexate', 'Alcohol', InteractionType.DRUG_FOOD, InteractionSever",""
"18188","Mechanism, Effect","'Insulin', 'Alcohol', InteractionType.DRUG_FOOD, InteractionSeverity.H","'الكحول يمنع إنتاج السكر من الكبد',"
"18197","Mechanism, Effect","'Lithium', 'High-Sodium Foods', InteractionType.DRUG_FOOD, Interaction","'الصوديوم يقلل مستوى الليثيوم',"
"18206","Mechanism, Effect","'Lithium', 'Caffeine', InteractionType.DRUG_FOOD, InteractionSeverity.","'الكافيين يزيد إخراج الليثيوم',"
"18215","Mechanism, Effect","'Metformin', 'Alcohol', InteractionType.DRUG_FOOD, InteractionSeverity","'زيادة خطر الحماض اللاكتيكي',"
"18224","Mechanism, Effect","'Phenytoin', 'Folic Acid-Rich Foods', InteractionType.DRUG_FOOD, Inter","'حمض الفوليك يقلل الفينيتوين',"
"18233","Mechanism, Effect","'Phenytoin', 'Alcohol', InteractionType.DRUG_FOOD, InteractionSeverity","'تأثير متغير على مستوى الدواء',"
"18242","Mechanism, Effect","'Aspirin (High Dose)', 'Vitamin C (High Dose)', InteractionType.DRUG_F","'فيتامين C يزيد امتصاص الأسبرين',"
"18251","Mechanism, Effect","'Iron Supplements', 'Tea/Coffee', InteractionType.DRUG_FOOD, Interacti","'التانينات ترتبط بالحديد',"
"18260","Mechanism, Effect","'Iron Supplements', 'Dairy Products', InteractionType.DRUG_FOOD, Inter","'الكالسيوم يمنع امتصاص الحديد',"
"18269","Management","'Calcium Supplements', 'High-Fiber Foods', InteractionType.DRUG_FOOD, ",""
"18271","Effect, Management","'Acetaminophen', 'Alcohol', InteractionType.DRUG_FOOD, InteractionSeve",""
"18273","Mechanism, Effect","'Cyclosporine', 'Grapefruit Juice', InteractionType.DRUG_FOOD, Interac","'زيادة كبيرة في مستوى الدواء',"
"18282","Mechanism, Effect","'Cyclosporine', 'High-Fat Foods', InteractionType.DRUG_FOOD, Interacti","'زيادة الامتصاص',"
"18291","Mechanism, Effect","'Propranolol', 'Food (High-Protein)', InteractionType.DRUG_FOOD, Inter","'الطعام يزيد الامتصاص',"
"18300","Mechanism, Effect","'Ketoconazole', 'Acidic Beverages (Cola, Orange Juice)', InteractionTy","'يحتاج وسط حمضي للامتصاص',"
"18309","Mechanism, Effect","'Rivaroxaban', 'Food (High-Fat Meal)', InteractionType.DRUG_FOOD, Inte","'الطعام الدسم يزيد التوافر الحيوي بنسبة 39% لجرعة 20 ملغ عبر"
"18318","Mechanism, Effect","'Apixaban', 'Food', InteractionType.DRUG_FOOD, InteractionSeverity.LOW","'لا تأثير ذو دلالة إحصائية على الحرائك الدوائية - التوافر ال"
"18327","Mechanism, Effect","'Dabigatran', 'Food', InteractionType.DRUG_FOOD, InteractionSeverity.L","'الطعام يؤخر الامتصاص (Tmax) لكن لا يؤثر على المساحة تحت الم"
"18336","Mechanism, Effect","'Carbamazepine', 'Grapefruit Juice', InteractionType.DRUG_FOOD, Intera","'تثبيط CYP3A4 المعوي يزيد التوافر الحيوي عبر تقليل استقلاب ا"
"18345","Mechanism, Effect","'Valproic Acid', 'Food', InteractionType.DRUG_FOOD, InteractionSeverit","'الطعام يؤخر الامتصاص ويقلل تهيج المعدة دون تأثير على التواف"
"18354","Mechanism, Effect","'Lamotrigine', 'Food', InteractionType.DRUG_FOOD, InteractionSeverity.","'لا تأثير على الحرائك الدوائية - الامتصاص كامل بغض النظر عن "
"18363","Mechanism, Effect","'Tacrolimus', 'Food (High-Fat)', InteractionType.DRUG_FOOD, Interactio","'الطعام الدسم يقلل Cmax بنسبة 27% و AUC بنسبة 35% - تأخير تف"
"18372","Mechanism, Effect","'Mycophenolate', 'Food', InteractionType.DRUG_FOOD, InteractionSeverit","'الطعام يقلل Cmax بنسبة 40% لكن AUC تنخفض فقط 15% - التأثير "
"18381","Mechanism, Effect","'Sirolimus', 'Grapefruit Juice', InteractionType.DRUG_FOOD, Interactio","'تثبيط قوي لـ CYP3A4 و P-glycoprotein المعويين - زيادة التوا"
"18390","Mechanism, Effect","'Itraconazole', 'Cola/Acidic Beverages', InteractionType.DRUG_FOOD, In","'الإيتراكونازول يحتاج pH حمضي للانحلال - المشروبات الحمضية ت"
"18399","Mechanism, Effect","'Posaconazole (Suspension)', 'High-Fat Meal', InteractionType.DRUG_FOO","'الطعام الدسم يزيد AUC بنسبة 400% - تحسين الانحلال والامتصاص"
"18408","Mechanism, Effect","'Voriconazole', 'High-Fat Meal', InteractionType.DRUG_FOOD, Interactio","'الطعام الدسم يقلل Cmax بنسبة 34% و AUC بنسبة 24% - آلية غير"
"18417","Mechanism, Effect","'Atazanavir', 'Food', InteractionType.DRUG_FOOD, InteractionSeverity.H","'الطعام يزيد التوافر الحيوي بنسبة 70% - زيادة الانحلالية في "
"18426","Mechanism, Effect","'Rilpivirine', 'Food', InteractionType.DRUG_FOOD, InteractionSeverity.","'الطعام يزيد AUC بنسبة 40% - يحتاج وسط حمضي لانحلال أمثل',"
"18435","Mechanism, Effect","'Efavirenz', 'High-Fat Meal', InteractionType.DRUG_FOOD, InteractionSe","'الطعام الدسم يزيد Cmax بنسبة 79% و AUC بنسبة 28% - زيادة خط"
"18444","Mechanism, Effect","'Sofosbuvir/Velpatasvir', 'Food', InteractionType.DRUG_FOOD, Interacti","'تأثير طفيف على الحرائك الدوائية - التوافر الحيوي مستقر',"
"18453","Mechanism, Effect","'Glecaprevir/Pibrentasvir', 'Food', InteractionType.DRUG_FOOD, Interac","'الطعام يزيد امتصاص Glecaprevir (83-153%) و Pibrentasvir (40"
"18462","Mechanism, Effect","'Empagliflozin', 'Food', InteractionType.DRUG_FOOD, InteractionSeverit","'الطعام يقلل Cmax بنسبة 37% ويؤخر Tmax لكن لا يؤثر على AUC',"
"18471","Mechanism, Effect","'Liraglutide', 'Food', InteractionType.DRUG_FOOD, InteractionSeverity.","'حقن تحت الجلد - لا تفاعل مباشر لكن يؤخر تفريغ المعدة',"
"18480","Mechanism, Effect","'Imatinib', 'Food', InteractionType.DRUG_FOOD, InteractionSeverity.MOD","'الطعام يقلل تهيج المعدة دون تأثير كبير على التوافر الحيوي',"
"18489","Mechanism, Effect","'Erlotinib', 'Food', InteractionType.DRUG_FOOD, InteractionSeverity.HI","'الطعام يزيد التوافر الحيوي بشكل كبير وغير متوقع - يؤثر على "
"18498","Mechanism, Effect","'Sunitinib', 'Food', InteractionType.DRUG_FOOD, InteractionSeverity.LO","'لا تأثير مهم على الحرائك الدوائية',"
"18507","Mechanism, Effect","'Lapatinib', 'High-Fat Meal', InteractionType.DRUG_FOOD, InteractionSe","'الطعام الدسم يزيد AUC بنسبة 325% و Cmax بنسبة 284% - زيادة "
"18516","Mechanism, Effect","'Lovastatin', 'Food', InteractionType.DRUG_FOOD, InteractionSeverity.M","'الطعام يزيد التوافر الحيوي بنسبة 50% - تحسين الانحلالية',"
"18525","Mechanism, Effect","'Fludrocortisone', 'High-Sodium Foods', InteractionType.DRUG_FOOD, Int","'الفلودروكورتيزون يحتفظ بالصوديوم عبر المستقبلات المعدنية - "
"18534","Mechanism, Effect","'Midazolam', 'Grapefruit Juice', InteractionType.DRUG_FOOD, Interactio","'تثبيط CYP3A4 المعوي يزيد التوافر الحيوي بنسبة 50% - تقليل ا"
"18543","Mechanism, Effect","'Triazolam', 'Grapefruit Juice', InteractionType.DRUG_FOOD, Interactio","'تثبيط CYP3A4 - زيادة مستوى الدواء بنسبة 25%',"
"18552","Mechanism, Effect","'Atovaquone', 'High-Fat Meal', InteractionType.DRUG_FOOD, InteractionS","'الطعام الدسم يزيد التوافر الحيوي بنسبة 300% - دواء شديد الذ"
"18561","Mechanism, Effect","'Allopurinol', 'Vitamin C (High Dose)', InteractionType.DRUG_FOOD, Int","'فيتامين C يحمض البول ويزيد خطر تكون حصوات حمض اليوريك',"
"18570","Mechanism, Effect","'Colchicine', 'Grapefruit Juice', InteractionType.DRUG_FOOD, Interacti","'تثبيط CYP3A4 و P-glycoprotein - زيادة مستوى الكولشيسين',"
"18579","Mechanism, Effect","'Buspirone', 'Grapefruit Juice', InteractionType.DRUG_FOOD, Interactio","'تثبيط CYP3A4 المعوي - زيادة التوافر الحيوي بنسبة تصل 900%',"
"18590","Management","'Valproic Acid', 'Liver Disease / Hepatic Impairment', InteractionType",""
"18592","Effect, Management","'Statins', 'Liver Disease / Hepatic Impairment', InteractionType.DRUG_",""
"18594","Mechanism, Effect","'Acetaminophen', 'Liver Disease / Hepatic Impairment', InteractionType","'انخفاض قدرة الكبد على إزالة سمية المستقلب NAPQI - تراكم الم"
"18603","Mechanism, Effect","'Warfarin', 'Liver Disease / Hepatic Impairment', InteractionType.DRUG","'انخفاض تصنيع عوامل التخثر + انخفاض استقلاب الوارفارين',"
"18612","Mechanism, Effect","'Benzodiazepines', 'Liver Disease / Hepatic Impairment', InteractionTy","'انخفاض الاستقلاب الكبدي - تراكم - زيادة التخدير - خطر اعتلا"
"18621","Mechanism, Effect","'Acetaminophen', 'Warfarin', InteractionType.DRUG_DRUG, InteractionSev","'الجرعات العالية من الأسيتامينوفين قد تثبط تخليق عوامل التخث"
"18630","Mechanism, Effect","'Calcium Acetate', 'Tetracyclines', InteractionType.DRUG_DRUG, Interac","'يشكل الكالسيوم معقدات غير قابلة للامتصاص مع التتراسيكلينات "
"18639","Mechanism, Effect","'Acetohexamide', 'Ethanol', InteractionType.DRUG_DRUG, InteractionSeve","'يثبط الإيثانول استحداث السكر في الكبد، ويزيد من تأثير الأسي"
"18648","Mechanism, Effect","'Acyclovir', 'Theophylline', InteractionType.DRUG_DRUG, InteractionSev","'الأسيكلوفير قد يقلل من تصفية الثيوفيلين الكلوية، ربما بسبب "
"18657","Mechanism, Effect","'Adenosine', 'Dipyridamole', InteractionType.DRUG_DRUG, InteractionSev","'يثبط الديبيريدامول امتصاص الأدينوزين في الخلايا، مما يزيد م"
"18666","Mechanism, Effect","'Teriflunomide', 'Warfarin', InteractionType.DRUG_DRUG, InteractionSev","'قد يقلل تيريفلونوميد من مستويات الوارفارين من خلال تحفيز إن"
"18675","Mechanism, Effect","'Amoxicillin/Clavulanate', 'Warfarin', InteractionType.DRUG_DRUG, Inte","'تثبيط الفلورا البكتيرية المنتجة لفيتامين K',"
"18684","Mechanism, Effect","'Deutetrabenazine', 'MAO Inhibitors', InteractionType.DRUG_DRUG, Inter","'تثبيط متبادل لاستقلاب الأمينات الأحادية',"
"18693","Mechanism, Effect","'Dextromethorphan/Bupropion', 'MAO Inhibitors', InteractionType.DRUG_D","'متلازمة السيروتونين بسبب تثبيط استقلاب الديكستروميثورفان',"
"18702","Mechanism, Effect","'Epinephrine', 'Beta-Blockers', InteractionType.DRUG_DRUG, Interaction","'تضاد في التأثير على مستقبلات الأدرينالية',"
"18711","Mechanism, Effect","'Avacincaptad Pegol', 'Drugs affecting bleeding', InteractionType.DRUG","'زيادة خطر النزف بسبب التأثير على نظام المكمل',"
"18720","Mechanism, Effect","'Interferon beta-1a', 'Myelosuppressive drugs', InteractionType.DRUG_D","'تأثير مثبط للنخاع العظمي متراكم',"
"18729","Mechanism, Effect","'Infliximab', 'Live vaccines', InteractionType.DRUG_DRUG, InteractionS","'تثبيط الجهاز المناعي يزيد من خطر عدوى اللقاحات الحية',"
"18738","Mechanism, Effect","'Azathioprine', 'Allopurinol', InteractionType.DRUG_DRUG, InteractionS","'تثبيط إنزيم xanthine oxidase يقلل من استقلاب الأزاثيوبرين',"
"18747","Effect, Management","'Azelastine', 'CNS Depressants', InteractionType.DRUG_DRUG, Interactio",""
"18749","Mechanism, Effect","'Rasagiline', 'SSRIs', InteractionType.DRUG_DRUG, InteractionSeverity.","'متلازمة السيروتونين بسبب تثبيط MAO-B',"
"18758","Mechanism, Effect","'Azithromycin', 'Drugs that prolong QT', InteractionType.DRUG_DRUG, In","'إطالة فترة QT متراكمة',"
"18767","Mechanism, Effect","'Sulfasalazine', 'Methotrexate', InteractionType.DRUG_DRUG, Interactio","'تثبيط متبادل للإفراز الأنبوبي الكلوي',"
"18776","Mechanism, Effect","'Bacitracin', 'Aminoglycosides', InteractionType.DRUG_DRUG, Interactio","'تضافر السمية الكلوية والعصبية عند الاستخدام الجهازي',"
"18785","Effect, Management","'Baclofen', 'CNS Depressants', InteractionType.DRUG_DRUG, InteractionS",""
"18787","Mechanism, Effect","'Sulfamethoxazole/Trimethoprim', 'Warfarin', InteractionType.DRUG_DRUG","'تثبيط استقلاب الوارفارين وتثبيط الفلورا المنتجة لفيتامين K'"
"18796","Mechanism, Effect","'Mupirocin', 'Other topical antibiotics', InteractionType.DRUG_DRUG, I","'تفاعلات موضعية محتملة',"
"18805","Mechanism, Effect","'Balsalazide', 'Warfarin', InteractionType.DRUG_DRUG, InteractionSever","'تأثير على الفلورا المعوية واستقلاب فيتامين K',"
"18814","Mechanism, Effect","'Rufinamide', 'Oral Contraceptives', InteractionType.DRUG_DRUG, Intera","'تحفيز استقلاب الإستروجين',"
"18823","Mechanism, Effect","'Glucagon', 'Beta-Blockers', InteractionType.DRUG_DRUG, InteractionSev","'تضاد في التأثير على الجلوكاجون',"
"18832","Mechanism, Effect","'Insulin Glargine', 'Beta-Blockers', InteractionType.DRUG_DRUG, Intera","'تثبيط أعراض هبوط السكر',"
"18841","Mechanism, Effect","'Avelumab', 'Corticosteroids', InteractionType.DRUG_DRUG, InteractionS","'تثبيط المناعة المتراكم',"
"18850","Effect, Management","'Suvorexant', 'CNS Depressants', InteractionType.DRUG_DRUG, Interactio",""
"18852","Mechanism, Effect","'Diphenhydramine', 'MAO Inhibitors', InteractionType.DRUG_DRUG, Intera","'تضخيم التأثيرات المضادة للكولين',"
"18861","Mechanism, Effect","'Benazepril', 'Potassium Supplements', InteractionType.DRUG_DRUG, Inte","'تقليل إفراز البوتاسيوم',"
"18870","Mechanism, Effect","'Olmesartan', 'NSAIDs', InteractionType.DRUG_DRUG, InteractionSeverity","'تضاد في التأثير على الكلى',"
"18879","Mechanism, Effect","'Belimumab', 'Live Vaccines', InteractionType.DRUG_DRUG, InteractionSe","'تثبيط المناعة',"
"18888","Effect, Management","'Dicyclomine', 'Anticholinergics', InteractionType.DRUG_DRUG, Interact",""
"18890","Mechanism, Effect","'Benzonatate', 'CNS Depressants', InteractionType.DRUG_DRUG, Interacti","'تأثير متراكم على الجهاز العصبي المركزي',"
"18899","Effect, Management","'Benztropine', 'Antipsychotics', InteractionType.DRUG_DRUG, Interactio",""
"18901","Mechanism, Effect","'C1 Esterase Inhibitor', 'Fibrinolytics', InteractionType.DRUG_DRUG, I","'تأثير على نظام التخثر',"
"18910","Mechanism, Effect","'Berotralstat', 'P-glycoprotein Inhibitors', InteractionType.DRUG_DRUG","'زيادة تركيز البروتورالستات',"
"18919","Mechanism, Effect","'Betamethasone', 'NSAIDs', InteractionType.DRUG_DRUG, InteractionSever","'تأثير متراكم على المعدة',"
"18928","Mechanism, Effect","'Bicalutamide', 'Warfarin', InteractionType.DRUG_DRUG, InteractionSeve","'تأثير على استقلاب الوارفارين',"
"18937","Mechanism, Effect","'Bictegravir/Emtricitabine/Tenofovir', 'Antacids', InteractionType.DRU","'تقليل امتصاص البيكتغرافير',"
"18946","Management","'Bisoprolol', 'Calcium Channel Blockers', InteractionType.DRUG_DRUG, I",""
"18948","Effect, Management","'Ibandronate', 'Calcium Supplements', InteractionType.DRUG_DRUG, Inter",""
"18950","Mechanism, Effect","'OnabotulinumtoxinA', 'Aminoglycosides', InteractionType.DRUG_DRUG, In","'تضخيم تأثير الشلل العضلي',"
"18959","Mechanism, Effect","'Fluticasone/Vilanterol', 'Beta-Blockers', InteractionType.DRUG_DRUG, ","'تضاد في التأثير القصبي',"
"18968","Mechanism, Effect","'Brexpiprazole', 'CYP2D6 Inhibitors', InteractionType.DRUG_DRUG, Inter","'زيادة تركيز البريxpiprazole',"
"18977","Effect, Management","'Ticagrelor', 'Aspirin', InteractionType.DRUG_DRUG, InteractionSeverit",""
"18979","Mechanism, Effect","'Brimonidine', 'MAO Inhibitors', InteractionType.DRUG_DRUG, Interactio","'تضخيم التأثير على ضغط الدم',"
"18988","Mechanism, Effect","'Brivaracetam', 'CNS Depressants', InteractionType.DRUG_DRUG, Interact","'تأثير متراكم على الجهاز العصبي المركزي',"
"18997","Mechanism, Effect","'Budesonide', 'CYP3A4 Inhibitors', InteractionType.DRUG_DRUG, Interact","'زيادة تركيز البوديزونايد',"
"19006","Mechanism, Effect","'Bumetanide', 'Aminoglycosides', InteractionType.DRUG_DRUG, Interactio","'تضافر السمية السمعية',"
"19015","Mechanism, Effect","'Buprenorphine', 'Benzodiazepines', InteractionType.DRUG_DRUG, Interac","'تأثير متراكم على الجهاز العصبي المركزي',"
"19024","Mechanism, Effect","'Bupropion', 'MAO Inhibitors', InteractionType.DRUG_DRUG, InteractionS","'زيادة خطر النوبات',"
"19033","Management","'Buspirone', 'MAO Inhibitors', InteractionType.DRUG_DRUG, InteractionS",""
"19035","Effect, Management","'Nebivolol', 'Calcium Channel Blockers', InteractionType.DRUG_DRUG, In",""
"19037","Mechanism, Effect","'Barbiturates', 'Warfarin', InteractionType.DRUG_DRUG, InteractionSeve","'تحفيز الباربيتورات لإنزيمات الكبد CYP2C9 المسؤولة عن استقلا"
"19046","Mechanism, Effect","'Belladonna', 'Haloperidol', InteractionType.DRUG_DRUG, InteractionSev","'تأثير مضاد للكولين متراكم من كلا الدوائين',"
"19055","Mechanism, Effect","'Belladonna', 'Phenothiazines', InteractionType.DRUG_DRUG, Interaction","'تأثير مضاد للكولين متراكم وتفاعل في التأثير على الجهاز العص"
"19064","Mechanism, Effect","'Benazepril', 'Lithium', InteractionType.DRUG_DRUG, InteractionSeverit","'تقليل إفراز الليثيوم الكلوي بسبب تأثير مثبطات الإنزيم المحو"
"19073","Mechanism, Effect","'Bendroflumethiazide', 'Digoxin', InteractionType.DRUG_DRUG, Interacti","'نقص بوتاسيوم الدم الناتج عن المدرات يزيد من حساسية القلب لل"
"19082","Mechanism, Effect","'Bendroflumethiazide', 'Lithium', InteractionType.DRUG_DRUG, Interacti","'تقليل إفراز الليثيوم الكلوي بسبب انخفاض حجم الدم',"
"19091","Mechanism, Effect","'Bendroflumethiazide', 'Loop Diuretics', InteractionType.DRUG_DRUG, In","'تأثير مدر للبول متراكم على أجزاء مختلفة من النيفرون',"
"19100","Mechanism, Effect","'Bendroflumethiazide', 'Sulfonylureas', InteractionType.DRUG_DRUG, Int","'تأثير مضاد لإفراز الأنسولين وزيادة مقاومة الأنسولين',"
"19142","Mechanism, Effect","'Bepridil', 'Sparfloxacin', InteractionType.DRUG_DRUG, InteractionSeve","'إطالة فترة QT متراكمة من كلا الدوائين',"
"19151","Mechanism, Effect","'Bile Acid Sequestrants', 'HMG-CoA Reductase Inhibitors', InteractionT","'تشكل راتنجات حامض الصفراء معقدات مع الستاتينات في الأمعاء، "
"19160","Mechanism, Effect","'Bile Acid Sequestrants', 'Hydrocortisone', InteractionType.DRUG_DRUG,","'تشكل راتنجات حامض الصفراء معقدات مع الهيدروكورتيزون في القن"
"19169","Mechanism, Effect","'Biperiden', 'Haloperidol', InteractionType.DRUG_DRUG, InteractionSeve","'تأثير مضاد للكولين متراكم من كلا الدوائين',"
"19178","Mechanism, Effect","'Biperiden', 'Phenothiazines', InteractionType.DRUG_DRUG, InteractionS","'تأثير مضاد للكولين متراكم وتفاعل في التأثير على الجهاز العص"
"19187","Mechanism, Effect","'Bismuth Salts', 'Tetracyclines', InteractionType.DRUG_DRUG, Interacti","'تشكل أملاح البزموت معقدات غير قابلة للامتصاص مع التتراسيكلي"
"19196","Mechanism, Effect","'Bismuth Subgallate', 'Tetracyclines', InteractionType.DRUG_DRUG, Inte","'تشكل البزموت سوبغالات معقدات شيلاتية مع التتراسيكلينات',"
"19205","Mechanism, Effect","'Bismuth Subsalicylate', 'Tetracyclines', InteractionType.DRUG_DRUG, I","'تشكل البزموت سبساليسيلات معقدات غير قابلة للذوبان مع التترا"
"19214","Mechanism, Effect","'Butalbital', 'Doxycycline', InteractionType.DRUG_DRUG, InteractionSev","'تحفيز البيوتالبيتال لإنزيمات الكبد CYP3A4 المسؤولة عن استقل"
"19223","Mechanism, Effect","'Butalbital', 'Estrogens', InteractionType.DRUG_DRUG, InteractionSever","'تحفيز البيوتالبيتال لإنزيمات الكبد المسؤولة عن استقلاب الإس"
"19232","Mechanism, Effect","'Butalbital', 'Ethanol', InteractionType.DRUG_DRUG, InteractionSeverit","'تأثير تثبيطي متراكم على الجهاز العصبي المركزي من كلا المادت"
"19241","Mechanism, Effect","'Butalbital', 'Felodipine', InteractionType.DRUG_DRUG, InteractionSeve","'تحفيز البيوتالبيتال لإنزيمات الكبد CYP3A4 المسؤولة عن استقل"
"19250","Mechanism, Effect","'Butalbital', 'Griseofulvin', InteractionType.DRUG_DRUG, InteractionSe","'تحفيز البيوتالبيتال لإنزيمات الكبد المسؤولة عن استقلاب الجر"
"19259","Mechanism, Effect","'Butalbital', 'Methadone', InteractionType.DRUG_DRUG, InteractionSever","'تحفيز البيوتالبيتال لإنزيمات الكبد CYP3A4 وCYP2B6 المسؤولة "
"19268","Mechanism, Effect","'Butalbital', 'Metronidazole', InteractionType.DRUG_DRUG, InteractionS","'تحفيز البيوتالبيتال لإنزيمات الكبد المسؤولة عن استقلاب المي"
"19277","Mechanism, Effect","'Butalbital', 'Nifedipine', InteractionType.DRUG_DRUG, InteractionSeve","'تحفيز البيوتالبيتال لإنزيمات الكبد CYP3A4 المسؤولة عن استقل"
"19286","Mechanism, Effect","'Butalbital', 'Quinidine', InteractionType.DRUG_DRUG, InteractionSever","'تحفيز البيوتالبيتال لإنزيمات الكبد المسؤولة عن استقلاب الكي"
"19295","Mechanism, Effect","'Butalbital', 'Theophylline', InteractionType.DRUG_DRUG, InteractionSe","'تحفيز البيوتالبيتال لإنزيمات الكبد خاصة CYP1A2 المسؤولة عن "
"19304","Mechanism, Effect","'Bleomycin', 'Digoxin', InteractionType.DRUG_DRUG, InteractionSeverity","'قد يسبب البليوميسين تغيرات في électrolytes ووظائف الكلى الت"
"19313","Mechanism, Effect","'Bleomycin', 'Phenytoin', InteractionType.DRUG_DRUG, InteractionSeveri","'قد يقلل البليوميسين من امتصاص الفينيتوين أو يزيد من استقلاب"
"19322","Mechanism, Effect","'Bumetanide', 'Aminoglycosides', InteractionType.DRUG_DRUG, Interactio","'تضافر السمية السمعية والكلوية من كلا الدوائين',"
"19331","Mechanism, Effect","'Bumetanide', 'Digoxin', InteractionType.DRUG_DRUG, InteractionSeverit","'نقص بوتاسيوم الدم الناتج عن البوميتانيد يزيد من حساسية القل"
"19340","Mechanism, Effect","'Cephalosporins', 'Aminoglycosides', InteractionType.DRUG_DRUG, Intera","'تأثير متراكم على السمية الكلوية والسمية العصبية',"
"19349","Mechanism, Effect","'Cephalosporins', 'Ethanol', InteractionType.DRUG_DRUG, InteractionSev","'بعض السيفالوسبورينات تثبط إنزيم ألدهيد ديهيدروجينيز مما يؤد"
"19358","Mechanism, Effect","'Cephalosporins', 'Warfarin', InteractionType.DRUG_DRUG, InteractionSe","'تثبيط تخليق فيتامين K من البكتيريا المعوية + تأثير على وظائ"
"19367","Mechanism, Effect","'Non-Selective Beta Blockers (Propranolol, Nadolol)', 'Asthma / Reacti","'حصر مستقبلات β2 في القصبات - تقبض قصبي - تحريض نوبة ربو حاد"
"19376","Effect, Management","'Cephalothin', 'Aminoglycosides', InteractionType.DRUG_DRUG, Interacti",""
"19378","Mechanism, Effect","'Cefonicid', 'Aminoglycosides', InteractionType.DRUG_DRUG, Interaction","'تضافر السمية الكلوية عند الجمع بين السيفالوسبورينات والأمين"
"19387","Mechanism, Effect","'Cefoperazone', 'Aminoglycosides', InteractionType.DRUG_DRUG, Interact","'تأثير متراكم على السمية الكلوية',"
"19396","Mechanism, Effect","'Cefoperazone', 'Ethanol', InteractionType.DRUG_DRUG, InteractionSever","'تثبيط إنزيم ألدهيد ديهيدروجينيز بواسطة السيفوبيرازون، مما ي"
"19405","Mechanism, Effect","'Cefoperazone', 'Warfarin', InteractionType.DRUG_DRUG, InteractionSeve","'تثبيط تخليق فيتامين K من البكتيريا المعوية + تأثير على وظائ"
"19414","Mechanism, Effect","'Cefotaxime', 'Aminoglycosides', InteractionType.DRUG_DRUG, Interactio","'تضافر السمية الكلوية بين السيفوتاكسيم والأمينوجلايكوسيدات',"
"19423","Mechanism, Effect","'Cefotetan', 'Aminoglycosides', InteractionType.DRUG_DRUG, Interaction","'تأثير متراكم على الكلى',"
"19432","Mechanism, Effect","'Cefotetan', 'Ethanol', InteractionType.DRUG_DRUG, InteractionSeverity","'تثبيط إنزيم ألدهيد ديهيدروجينيز مما يؤدي إلى تراكم الأسيتال"
"19441","Mechanism, Effect","'Cefotetan', 'Warfarin', InteractionType.DRUG_DRUG, InteractionSeverit","'تثبيط تخليق فيتامين K وتأثير على وظائف الصفائح',"
"19450","Effect, Management","'Cefoxitin', 'Aminoglycosides', InteractionType.DRUG_DRUG, Interaction",""
"19452","Mechanism, Effect","'Cefoxitin', 'Warfarin', InteractionType.DRUG_DRUG, InteractionSeverit","'تأثير على الفلورا المعوية المنتجة لفيتامين K',"
"19461","Mechanism, Effect","'Ceftazidime', 'Aminoglycosides', InteractionType.DRUG_DRUG, Interacti","'تأثير متراكم على السمية الكلوية',"
"19470","Effect, Management","'Ceftizoxime', 'Aminoglycosides', InteractionType.DRUG_DRUG, Interacti",""
"19472","Mechanism, Effect","'Ceftriaxone', 'Aminoglycosides', InteractionType.DRUG_DRUG, Interacti","'تأثير متراكم على الكلى',"
"19481","Mechanism, Effect","'Ceftriaxone', 'Warfarin', InteractionType.DRUG_DRUG, InteractionSever","'تثبيط الفلورا المعوية المنتجة لفيتامين K',"
"19490","Effect, Management","'Cefuroxime', 'Aminoglycosides', InteractionType.DRUG_DRUG, Interactio",""
"19492","Mechanism, Effect","'Aspirin / NSAIDs', 'Aspirin-Exacerbated Respiratory Disease (AERD)', ","'تثبيط COX-1 - تحويل استقلاب حمض الأراكيدونيك نحو مسار الليك"
"19501","Mechanism, Effect","'Thiazolidinediones (Pioglitazone, Rosiglitazone)', 'Heart Failure', I","'احتباس الصوديوم والماء عبر تأثير كلوي - زيادة سوائل البلازم"
"19510","Mechanism, Effect","'Calcium Channel Blockers (Verapamil, Diltiazem)', 'Advanced Heart Blo","'تثبيط العقدة الجيبية الأذينية و AV Node - تباطؤ التوصيل - خ"
"19519","Mechanism, Effect","'Tricyclic Antidepressants (Amitriptyline, Imipramine)', 'Recent Myoca","'تأثيرات مضادة للكولين وحصر قنوات الصوديوم - إطالة QTc - عدم"
"19528","Mechanism, Effect","'NSAIDs (Ibuprofen, Naproxen, Aspirin)', 'Active Peptic Ulcer / Histor","'تثبيط COX-1 - انخفاض البروستاغلاندينات الحامية للمعدة - تقل"
"19537","Mechanism, Effect","'Corticosteroids (Prednisone, Dexamethasone)', 'Peptic Ulcer Disease',","'تقليل دفاعات المخاط المعدي - زيادة إفراز الحمض - تأثير تآزر"
"19546","Mechanism, Effect","'Varenicline (Champix) / Bupropion', 'Major Depression / Suicide Risk'","'تأثيرات نفسية عصبية - زيادة محتملة في الأفكار الانتحارية وا"
"19555","Mechanism, Effect","'Dopamine Agonists (Pramipexole, Ropinirole)', 'Psychotic Disorders / ","'تحفيز مستقبلات الدوبامين - تفاقم الأعراض الذهانية',"
"19564","Mechanism, Effect","'Live Vaccines (MMR, Varicella, Yellow Fever)', 'Immunosuppression / H","'ضعف المناعة يمنع الاستجابة المناعية المناسبة - خطر تحول الل"
"19573","Mechanism, Effect","'Amiodarone', 'Thyroid Disease (Hyper/Hypothyroidism)', InteractionTyp","'محتوى عالي من اليود - تثبيط تحويل T4 إلى T3 - تأثيرات مباشر"
"19582","Mechanism, Effect","'Thiazide Diuretics / Loop Diuretics', 'Gout / Hyperuricemia', Interac","'تقليل إفراز حمض اليوريك الكلوي - زيادة إعادة امتصاصه - ارتف"
"19591","Management","'Warfarin', 'Garlic (الثوم)', InteractionType.DRUG_FOOD, InteractionSe",""
"19593","Effect, Management","'Antiplatelet Drugs (Aspirin, Clopidogrel)', 'Garlic (الثوم)', Interac",""
"19595","Mechanism, Effect","'Warfarin', 'Ginkgo Biloba (الجنكة)', InteractionType.DRUG_FOOD, Inter","'تثبيط تجمع الصفائح - زيادة خطر النزيف',"
"19604","Mechanism, Effect","'Aspirin / NSAIDs', 'Ginkgo Biloba (الجنكة)', InteractionType.DRUG_FOO","'تأثير تراكمي على تثبيط الصفائح',"
"19613","Mechanism, Effect","'Anticonvulsants (Phenytoin, Carbamazepine)', 'Ginkgo Biloba (الجنكة)'","'تقليل عتبة النوبة - تحفيز استقلاب مضادات الصرع',"
"19622","Mechanism, Effect","'Warfarin', 'Ginseng (الجينسنج)', InteractionType.DRUG_FOOD, Interacti","'تقليل فعالية الوارفارين (آلية غير واضحة)',"
"19631","Mechanism, Effect","'Insulin / Antidiabetic Drugs', 'Ginseng (الجينسنج)', InteractionType.","'تأثير خافض للسكر',"
"19640","Mechanism, Effect","'MAO Inhibitors', 'Ginseng (الجينسنج)', InteractionType.DRUG_FOOD, Int","'تأثير منشط على الجهاز العصبي',"
"19649","Mechanism, Effect","'Digoxin', 'Licorice (عرق السوس)', InteractionType.DRUG_FOOD, Interact","'عرق السوس يسبب نقص البوتاسيوم - زيادة سمية الديجوكسين',"
"19658","Mechanism, Effect","'Thiazide / Loop Diuretics', 'Licorice (عرق السوس)', InteractionType.D","'كلاهما يسبب نقص البوتاسيوم',"
"19667","Mechanism, Effect","'Antihypertensive Drugs', 'Licorice (عرق السوس)', InteractionType.DRUG","'عرق السوس يرفع ضغط الدم عبر احتباس الصوديوم',"
"19676","Mechanism, Effect","'Immunosuppressants', 'Echinacea (الإشنسا)', InteractionType.DRUG_FOOD","'تحفيز الجهاز المناعي - تعارض مع مثبطات المناعة',"
"19685","Mechanism, Effect","'Hepatotoxic Drugs', 'Echinacea (الإشنسا)', InteractionType.DRUG_FOOD,","'سمية كبدية محتملة مع الاستخدام الطويل',"
"19694","Mechanism, Effect","'Benzodiazepines / Sedatives', 'Kava (الكافا)', InteractionType.DRUG_F","'تأثير تخديري تآزري',"
"19703","Mechanism, Effect","'Alcohol', 'Kava (الكافا)', InteractionType.DRUG_FOOD, InteractionSeve","'تأثير تخديري تراكمي + سمية كبدية',"
"19712","Management","'Anticoagulants / Antiplatelets', 'Ginger (الزنجبيل - جرعات عالية)', I",""
"19714","Effect, Management","'Warfarin', 'Turmeric (الكركم - جرعات عالية)', InteractionType.DRUG_FO",""
"19716","Mechanism, Effect","'Antidepressants (MAOIs, SSRIs)', 'Yohimbine (اليوهمبين)', Interaction","'زيادة الضغط والقلق',"
"19725","Mechanism, Effect","'Digoxin', 'Aloe Vera (الصبار - ملين)', InteractionType.DRUG_FOOD, Int","'الإسهال يسبب نقص البوتاسيوم',"
"19734","Mechanism, Effect","'Antidiabetic Drugs', 'Aloe Vera (عصير الصبار)', InteractionType.DRUG_","'تأثير خافض للسكر',"
"19743","Mechanism, Effect","'Digoxin', 'Oat Bran / High-Fiber Cereals (دقيق الشوفان)', Interaction","'الألياف القابلة للذوبان في دقيق الشوفان ترتبط بالديجوكسين ف"
"19752","Mechanism, Effect","'Warfarin', 'Vitamin K-Rich Foods - Detailed (الخضروات الورقية الخضراء","'فيتامين K هو عامل مساعد أساسي لتصنيع عوامل التخثر II, VII, "
"19761","Mechanism, Effect","'Propranolol', 'High-Protein Meals (وجبات غنية بالبروتين)', Interactio","'الوجبات الغنية بالبروتين تزيد الجريان الدموي الكبدي عبر زيا"
"19770","Mechanism, Effect","'Acetaminophen', 'Pectin (البكتين - موجود في التفاح والفواكه)', Intera","'البكتين هو ألياف قابلة للذوبان تشكل مادة هلامية في المعدة -"
"19779","Mechanism, Effect","'Esomeprazole', 'High-Fat Meals (وجبات غنية بالدهون)', InteractionType","'الوجبات الدسمة تؤخر تفريغ المعدة بشكل كبير (من 1 ساعة إلى 3"
"19788","Mechanism, Effect","'Acetazolamide', 'Carbonic Beverages (المشروبات الغازية)', Interaction","'الأسيتازولاميد يثبط كربونات الأنهيدراز في براعم التذوق اللس"
"19797","Mechanism, Effect","'Aluminium Hydroxide', 'Food (General)', InteractionType.DRUG_FOOD, In","'هيدروكسيد الألومنيوم يترك طعم طباشيري أو ترابي في الفم - يع"
"19806","Mechanism, Effect","'Amiodarone', 'Food (General)', InteractionType.DRUG_FOOD, Interaction","'الأميودارون يسبب تغيرات في التذوق عبر تلف براعم التذوق - تر"
"19815","Mechanism, Effect","'Metaproterenol', 'Food (General)', InteractionType.DRUG_FOOD, Interac","'موسع قصبي - يترك طعم كريه بسبب المكونات الكيميائية',"
"19824","Mechanism, Effect","'Norfloxacin', 'Food (General)', InteractionType.DRUG_FOOD, Interactio","'الفلوروكينولونات قد تسبب خلل في براعم التذوق - فقدان القدرة"
"19913","Management","'Prazosin', 'Sotalol', InteractionType.DRUG_DRUG, InteractionSeverity.",""
"19915","Effect, Management","'Prazosin', 'Timolol', InteractionType.DRUG_DRUG, InteractionSeverity.",""
"19917","Mechanism, Effect","'Propranolol', 'Barbiturates', InteractionType.DRUG_DRUG, InteractionS","'الباربيتورات تزيد من التوافر الحيوي للبروبرانولول',"
"20086","Mechanism, Effect","'Diltiazem', 'Simvastatin', InteractionType.DRUG_DRUG, InteractionSeve","'الديلتيازيم يثبط إنزيمات الكبد CYP3A4 المسؤولة عن استقلاب ا"
"20095","Mechanism, Effect","'Diltiazem', 'Lovastatin', InteractionType.DRUG_DRUG, InteractionSever","'الديلتيازيم يثبط إنزيمات الكبد CYP3A4 المسؤولة عن استقلاب ا"
"20104","Mechanism, Effect","'Diltiazem', 'Atorvastatin', InteractionType.DRUG_DRUG, InteractionSev","'الديلتيازيم يثبط إنزيمات الكبد CYP3A4 المسؤولة عن استقلاب ا"
"20113","Mechanism, Effect","'Diltiazem', 'Quinidine', InteractionType.DRUG_DRUG, InteractionSeveri","'الديلتيازيم يثبط إنزيمات الكبد المسؤولة عن استقلاب الكينيدي"
"20122","Mechanism, Effect","'Diltiazem', 'Sirolimus', InteractionType.DRUG_DRUG, InteractionSeveri","'الديلتيازيم يثبط إنزيمات الكبد CYP3A4 المسؤولة عن استقلاب ا"
"20131","Mechanism, Effect","'Diltiazem', 'Tacrolimus', InteractionType.DRUG_DRUG, InteractionSever","'الديلتيازيم يثبط إنزيمات الكبد CYP3A4 المسؤولة عن استقلاب ا"
"20156","Management","'Felodipine', 'Secobarbital', InteractionType.DRUG_DRUG, InteractionSe",""
"20158","Effect, Management","'Felodipine', 'Carbamazepine', InteractionType.DRUG_DRUG, InteractionS",""
"20160","Mechanism, Effect","'Felodipine', 'Erythromycin', InteractionType.DRUG_DRUG, InteractionSe","'الاريثرومايسين يثبط إنزيمات الكبد CYP3A4 المسؤولة عن استقلا"
"20169","Mechanism, Effect","'Felodipine', 'Grapefruit Juice', InteractionType.DRUG_FOOD, Interacti","'عصير الجريب فروت يثبط إنزيمات الكبد CYP3A4 المسؤولة عن استق"
"20182","Management","'Felodipine', 'Mephenytoin', InteractionType.DRUG_DRUG, InteractionSev",""
"20184","Effect, Management","'Felodipine', 'Phenytoin', InteractionType.DRUG_DRUG, InteractionSever",""
"20186","Mechanism, Effect","'Felodipine', 'Itraconazole', InteractionType.DRUG_DRUG, InteractionSe","'الإيتراكونازول يثبط إنزيمات الكبد CYP3A4 المسؤولة عن استقلا"
"20207","Management","'Nifedipine', 'Primidone', InteractionType.DRUG_DRUG, InteractionSever",""
"20209","Effect, Management","'Nifedipine', 'Secobarbital', InteractionType.DRUG_DRUG, InteractionSe",""
"20211","Mechanism, Effect","'Nifedipine', 'Cimetidine', InteractionType.DRUG_DRUG, InteractionSeve","'السيميتيدين يثبط إنزيمات الكبد CYP3A4 المسؤولة عن استقلاب ا"
"20220","Effect, Management","'Nifedipine', 'Rifampin', InteractionType.DRUG_DRUG, InteractionSeveri",""
"20222","Mechanism, Effect","'Nisoldipine', 'Grapefruit Juice', InteractionType.DRUG_FOOD, Interact","'عصير الجريب فروت يثبط إنزيمات الكبد CYP3A4 المسؤولة عن استق"
"20231","Mechanism, Effect","'Nisoldipine', 'Carbamazepine', InteractionType.DRUG_DRUG, Interaction","'الكاربامازيبين يحفز إنزيمات الكبد CYP3A4 المسؤولة عن استقلا"
"20240","Mechanism, Effect","'Nisoldipine', 'Phenytoin', InteractionType.DRUG_DRUG, InteractionSeve","'الفينيتوين يحفز إنزيمات الكبد CYP3A4 المسؤولة عن استقلاب ال"
"20249","Mechanism, Effect","'Nisoldipine', 'Rifampin', InteractionType.DRUG_DRUG, InteractionSever","'الريفامبين يحفز إنزيمات الكبد CYP3A4 المسؤولة عن استقلاب ال"
"20258","Mechanism, Effect","'Nisoldipine', 'Erythromycin', InteractionType.DRUG_DRUG, InteractionS","'الاريثرومايسين يثبط إنزيمات الكبد CYP3A4 المسؤولة عن استقلا"
"20267","Mechanism, Effect","'Nisoldipine', 'Ketoconazole', InteractionType.DRUG_DRUG, InteractionS","'الكيتوكونازول يثبط إنزيمات الكبد CYP3A4 المسؤولة عن استقلاب"
"20276","Mechanism, Effect","'Nisoldipine', 'Itraconazole', InteractionType.DRUG_DRUG, InteractionS","'الإيتراكونازول يثبط إنزيمات الكبد CYP3A4 المسؤولة عن استقلا"
"20285","Mechanism, Effect","'Nisoldipine', 'Beta-Blockers', InteractionType.DRUG_DRUG, Interaction","'تأثير تآزري في خفض ضغط الدم ومعدل ضربات القلب',"
"20294","Mechanism, Effect","'Nisoldipine', 'Digoxin', InteractionType.DRUG_DRUG, InteractionSeveri","'النيسولوديبين قد يزيد من تركيز الديجوكسين في الدم',"
"20303","Mechanism, Effect","'Verapamil', 'Beta-Blockers', InteractionType.DRUG_DRUG, InteractionSe","'تأثير تآزري على تثبيط التوصيل الأذيني البطيني وتقليل انقباض"
"20312","Mechanism, Effect","'Verapamil', 'Digoxin', InteractionType.DRUG_DRUG, InteractionSeverity","'الفيراباميل يقلل من إ clearance الديجوكسين الكلوي ويغير حجم"
"20321","Mechanism, Effect","'Verapamil', 'Carbamazepine', InteractionType.DRUG_DRUG, InteractionSe","'الفيراباميل يثبط إنزيمات الكبد المسؤولة عن استقلاب الكاربام"
"20330","Mechanism, Effect","'Verapamil', 'Phenytoin', InteractionType.DRUG_DRUG, InteractionSeveri","'الفيراباميل يثبط استقلاب الفينيتوين والفينيتوين يحفز استقلا"
"20339","Mechanism, Effect","'Verapamil', 'Cyclosporine', InteractionType.DRUG_DRUG, InteractionSev","'الفيراباميل يثبط إنزيمات الكبد CYP3A4 المسؤولة عن استقلاب ا"
"20348","Mechanism, Effect","'Verapamil', 'Simvastatin', InteractionType.DRUG_DRUG, InteractionSeve","'الفيراباميل يثبط إنزيمات الكبد CYP3A4 المسؤولة عن استقلاب ا"
